{"graph": {"_type": "graph-file", "path": "media/graph/graph_summary_896a9fb131c317572585.graph.json", "sha256": "896a9fb131c317572585e9a4f10e8f4ffe071421b07879b6a22211eaa529ad17", "size": 2039}, "epoch": 1, "loss": 0.6716028451919556, "accuracy": 0.5644999742507935, "val_loss": 0.655708372592926, "val_accuracy": 0.609499990940094, "_runtime": 10, "_timestamp": 1633072081, "_step": 1, "best_val_loss": 0.655708372592926, "best_epoch": 1, "_wandb": {"runtime": 12}}