{"graph": {"_type": "graph-file", "path": "media/graph/graph_summary_ef63a18aa70c0e0d3012.graph.json", "sha256": "ef63a18aa70c0e0d3012a5725bb5f7d6df75031917fd351f9ae9e334df39a3cf", "size": 2039}, "epoch": 6, "loss": 0.5983213782310486, "accuracy": 0.6830000281333923, "val_loss": 0.5908073782920837, "val_accuracy": 0.6729999780654907, "_runtime": 16, "_timestamp": 1633072001, "_step": 6, "best_val_loss": 0.5908073782920837, "best_epoch": 6, "_wandb": {"runtime": 18}}