{"graph": {"_type": "graph-file", "path": "media/graph/graph_summary_831409f69230f90397ad.graph.json", "sha256": "831409f69230f90397ad66d572a5eb6ccfa1cc76624dfdfd904eb879d49a063b", "size": 2039}, "epoch": 9, "loss": 0.5915939211845398, "accuracy": 0.6819999814033508, "val_loss": 0.6022903919219971, "val_accuracy": 0.6694999933242798, "_runtime": 19, "_timestamp": 1633072185, "_step": 9, "best_val_loss": 0.6022903919219971, "best_epoch": 9, "_wandb": {"runtime": 20}}