{"graph": {"_type": "graph-file", "path": "media/graph/graph_summary_7c01d9f6cdaf86da1468.graph.json", "sha256": "7c01d9f6cdaf86da1468ed754204da7612f25791b454013008601d7f3ed4ccc0", "size": 2039}, "epoch": 6, "loss": 0.6258576512336731, "accuracy": 0.6535000205039978, "val_loss": 0.6577721834182739, "val_accuracy": 0.6154999732971191, "_runtime": 16, "_timestamp": 1633072712, "_step": 6, "best_val_loss": 0.6311439275741577, "best_epoch": 5, "_wandb": {"runtime": 17}}