{"graph": {"_type": "graph-file", "path": "media/graph/graph_summary_f9565ab0d773ea9a4c67.graph.json", "sha256": "f9565ab0d773ea9a4c671078862fc3abdd4b9bbc2b9ac743ca4e6c40508152fc", "size": 2039}, "epoch": 2, "loss": 0.6718197464942932, "accuracy": 0.5914999842643738, "val_loss": 0.6354495286941528, "val_accuracy": 0.6545000076293945, "_runtime": 11, "_timestamp": 1633072534, "_step": 2, "best_val_loss": 0.6354495286941528, "best_epoch": 2, "_wandb": {"runtime": 13}}