{"graph": {"_type": "graph-file", "path": "media/graph/graph_summary_16d29e516a097cd0ae7b.graph.json", "sha256": "16d29e516a097cd0ae7bc18758496866316f07bd14f3deab3ca9f1355fa290e3", "size": 2039}, "epoch": 3, "loss": 0.6204908490180969, "accuracy": 0.656000018119812, "val_loss": 0.6035140156745911, "val_accuracy": 0.684499979019165, "_runtime": 12, "_timestamp": 1633072357, "_step": 3, "best_val_loss": 0.6035140156745911, "best_epoch": 3, "_wandb": {"runtime": 14}}