{
    "step": 1,
    "loss": 0.6904113292694092,
    "accuracy": 0.5264999866485596,
    "val_loss": 0.6893110275268555,
    "val_accuracy": 0.6315000057220459
}