{"graph": {"_type": "graph-file", "path": "media/graph/graph_summary_c3be81716939dbfe7570.graph.json", "sha256": "c3be81716939dbfe757011eee4dfd8709079887afbd654793d912cc7bf76560e", "size": 2039}, "epoch": 9, "loss": 0.5829382538795471, "accuracy": 0.6890000104904175, "val_loss": 0.5578255653381348, "val_accuracy": 0.7149999737739563, "_runtime": 19, "_timestamp": 1633071918, "_step": 9, "best_val_loss": 0.5578255653381348, "best_epoch": 9, "_wandb": {"runtime": 21}}