{"graph": {"_type": "graph-file", "path": "media/graph/graph_summary_16d29e516a097cd0ae7b.graph.json", "sha256": "16d29e516a097cd0ae7bc18758496866316f07bd14f3deab3ca9f1355fa290e3", "size": 2039}, "epoch": 1, "loss": 0.6843060851097107, "accuracy": 0.5619999766349792, "val_loss": 0.667106568813324, "val_accuracy": 0.5565000176429749, "_runtime": 10, "_timestamp": 1633072441, "_step": 1, "best_val_loss": 0.667106568813324, "best_epoch": 1, "_wandb": {"runtime": 12}}