{
    "step": 3,
    "loss": 0.6590155959129333,
    "accuracy": 0.6269999742507935,
    "val_loss": 0.6170933246612549,
    "val_accuracy": 0.6755994558334351
}