{"graph": {"_type": "graph-file", "path": "media/graph/graph_summary_0da3f880ec186547a820.graph.json", "sha256": "0da3f880ec186547a820dc070c4cc58d39c952150eddd2443c4a07dbe5a8c6ec", "size": 2039}, "epoch": 8, "loss": 0.6005658507347107, "accuracy": 0.6759999990463257, "val_loss": 0.5984982848167419, "val_accuracy": 0.675000011920929, "_runtime": 19, "_timestamp": 1633072797, "_step": 8, "best_val_loss": 0.5984982848167419, "best_epoch": 8, "_wandb": {"runtime": 19}}