{"graph": {"_type": "graph-file", "path": "media/graph/graph_summary_e9e2304245eaf47a35dd.graph.json", "sha256": "e9e2304245eaf47a35ddbec522d023076cd254eb9bf8a0814bc6d75747d3d4ba", "size": 2039}, "epoch": 1, "loss": 0.6912400722503662, "accuracy": 0.5170000195503235, "val_loss": 0.6854068040847778, "val_accuracy": 0.5575000047683716, "_runtime": 15, "_timestamp": 1633071673, "_step": 1, "best_val_loss": 0.6854068040847778, "best_epoch": 1, "_wandb": {"runtime": 17}}