{"graph": {"_type": "graph-file", "path": "media/graph/graph_summary_5382eca158253eed7463.graph.json", "sha256": "5382eca158253eed7463eb578067b8e108688090e5f4ed33b207f5a99f69469e", "size": 2039}, "epoch": 3, "loss": 0.615757942199707, "accuracy": 0.6685000061988831, "val_loss": 0.5911415219306946, "val_accuracy": 0.6909999847412109, "_runtime": 12, "_timestamp": 1633072265, "_step": 3, "best_val_loss": 0.5911415219306946, "best_epoch": 3, "_wandb": {"runtime": 14}}