{"graph": {"_type": "graph-file", "path": "media/graph/graph_summary_6dd642198be5de31aa76.graph.json", "sha256": "6dd642198be5de31aa760b38a1381dabf0c2365c4b9f5a61a9503ddd12156784", "size": 2039}, "epoch": 5, "loss": 0.5957052707672119, "accuracy": 0.671999990940094, "val_loss": 0.5644316077232361, "val_accuracy": 0.7124999761581421, "_runtime": 15, "_timestamp": 1633072624, "_step": 5, "best_val_loss": 0.5644316077232361, "best_epoch": 5, "_wandb": {"runtime": 16}}