{
    "step": 1,
    "loss": 0.6871590614318848,
    "accuracy": 0.5475000143051147,
    "val_loss": 0.7334409952163696,
    "val_accuracy": 0.5095000267028809
}