{
    "step": 0,
    "loss": 0.677665114402771,
    "accuracy": 0.5809999704360962,
    "val_loss": 0.6371583342552185,
    "val_accuracy": 0.6524999737739563
}